[
  {
    "eventDescription": "The first meeting of Samaj was held at the premises of Manji Arjan and Company where Mr. Karsanbhai Devraj Vekaria of gaam Baladia was appointed as the First Chairman. The main objective of this meeting was to build a community (Samaj) building in Mombasa, Kenya and raise funds for the same.",
    "eventDate": "09 March 1946",
    "eventTime": "",
    "eventImage": "",
    "eventItems": []
  },
  {
    "eventDescription": "First meeting was convened to deliberate on the Rules and regulation of the Samaj.",
    "eventDate": "06 April 1946",
    "eventTime": "",
    "eventImage": "",
    "eventItems": []
  },
  {
    "eventDescription": "The foundation stone laying ceremony of Mombasa Samaj conducted.",
    "eventDate": "03 January 1948",
    "eventTime": "",
    "eventImage": "",
    "eventItems": []
  },
  {
    "eventDescription": "Opening ceremony for Mombasa Samaj.",
    "eventDate": "15 August 1949",
    "eventTime": "",
    "eventImage": "",
    "eventItems": []
  },
  {
    "eventDescription": "Proposal to construct a building for Nairobi Samaj was put forward by Mr. Ramjibhai Kunverji of gaam Baladia.",
    "eventDate": "25 August 1951",
    "eventTime": "",
    "eventImage": "",
    "eventItems": []
  },
  {
    "eventDescription": "Approval for construction of Nairobi Samaj Building was given.",
    "eventDate": "24 November 1951",
    "eventTime": "",
    "eventImage": "",
    "eventItems": []
  },
  {
    "eventDescription": "Approval for purchase of Land to construct Nairobi Samaj was given.",
    "eventDate": "06 July 1952",
    "eventTime": "",
    "eventImage": "",
    "eventItems": []
  },
  {
    "eventDescription": "Purchase of Land on Ronald Ngala Street in Nairobi for construction of Nairobi Samaj at a value of Kenya Shillings 180,000.00.",
    "eventDate": "03 August 1952",
    "eventTime": "",
    "eventImage": "",
    "eventItems": []
  },
  {
    "eventDescription": "Shree Cutchi Leva Patel Samaj, Nairobi was officially registered as per the laws of Kenya.",
    "eventDate": "11 February 1953",
    "eventTime": "",
    "eventImage": "",
    "eventItems": []
  },
  {
    "eventDescription": "On the auspicious day of Ramnavmi the Foundation Stone laying Ceremony for Nairobi Samaj building was conducted by Mr. Nanjibhai Harji Varsani of gaam Manukva.",
    "eventDate": "23 March 1953",
    "eventTime": "",
    "eventImage": "",
    "eventItems": []
  },
  {
    "eventDescription": "Commencement of construction for the building of Nairobi Samaj.",
    "eventDate": "07 March 1954",
    "eventTime": "",
    "eventImage": "",
    "eventItems": []
  },
  {
    "eventDescription": "Inauguration of the Nairobi Samaj building.",
    "eventDate": "25 December 1954",
    "eventTime": "",
    "eventImage": "",
    "eventItems": [
      {"item": "The inauguration of the Main Entrance was carried out by Mr. Khimjibhai Ramji and Mr. Bhimjibhai Ramji of Gaam Baladia."},
      {"item": "The inauguration of the Main Hall was carried out by Mr. Ramjibhai Kunverji of gaam Baladia."},
      {"item": "The Guest House was inaugurated by Mr. Laljibhai Harji Varsani in Memory of Mr. Nanjibhai Harji Varsani of gaam Manukva."}
    ]
  },
  {
    "eventDescription": "Permission to place the portrait of Mr. Nanji Harji Varsani in the Main Hall.",
    "eventDate": "25 December 1954",
    "eventTime": "",
    "eventImage": "",
    "eventItems": []
  },
  {
    "eventDescription": "First meeting to address and possibly mitigate matrimonial disputes.",
    "eventDate": "5 May 1955",
    "eventTime": "",
    "eventImage": "",
    "eventItems": []
  },
  {
    "eventDescription": "Swayamsevak Dal was formed.",
    "eventDate": "26 December 1955",
    "eventTime": "",
    "eventImage": "",
    "eventItems": []
  },
  {
    "eventDescription": "Library was inaugurated and opened.",
    "eventDate": "26 December 1955",
    "eventTime": "",
    "eventImage": "",
    "eventItems": []
  },
  {
    "eventDescription": "Approval to start a nursery school at Nairobi Samaj.",
    "eventDate": "26 December 1955",
    "eventTime": "",
    "eventImage": "",
    "eventItems": []
  },
  {
    "eventDescription": "Approval to open the first bank account for Nairobi Samaj with The Standard Bank of South Africa.",
    "eventDate": "12 January 1956",
    "eventTime": "",
    "eventImage": "",
    "eventItems": []
  },
  {
    "eventDescription": "Proposal to abolish child marriages in the community.",
    "eventDate": "07 April 1956",
    "eventTime": "",
    "eventImage": "",
    "eventItems": []
  },
  {
    "eventDescription": "Proposal and deliberation on how to raise the education level within the community.",
    "eventDate": "28 April 1956",
    "eventTime": "",
    "eventImage": "",
    "eventItems": []
  },
  {
    "eventDescription": "Fund raising for the relief of devastation caused by the disastrous Earthquake in Kutch.",
    "eventDate": "26 July 1956",
    "eventTime": "",
    "eventImage": "",
    "eventItems": []
  },
  {
    "eventDescription": "Approval for acquisition of land parcel for construction of a school.",
    "eventDate": "16 October 1956",
    "eventTime": "",
    "eventImage": "",
    "eventItems": []
  },
  {
    "eventDescription": "First open social gathering of community members.",
    "eventDate": "26 December 1956",
    "eventTime": "",
    "eventImage": "",
    "eventItems": []
  },
  {
    "eventDescription": "Inauguration of extension of the existing Samaj building.",
    "eventDate": "17 April 1960",
    "eventTime": "",
    "eventImage": "",
    "eventItems": []
  },
  {
    "eventDescription": "Discussion on establishment of Shree Kutch Leva Patel Samaj Boarding in Bhuj, Kutch.",
    "eventDate": "08 June 1960",
    "eventTime": "",
    "eventImage": "",
    "eventItems": []
  },
  {
    "eventDescription": "Appointment of Patel, Shah and Joshi auditors as the first auditors of the Nairobi Samaj.",
    "eventDate": "09 November 1960",
    "eventTime": "",
    "eventImage": "",
    "eventItems": []
  },
  {
    "eventDescription": "Large amount of cash and precious ornaments were collected as funds by the community members to support India against the Chinese invasion.",
    "eventDate": "1 November 1962",
    "eventTime": "",
    "eventImage": "",
    "eventItems": []
  },
  {
    "eventDescription": "Approval for providing interest free loans to community members for higher education.",
    "eventDate": "24 February 1963",
    "eventTime": "",
    "eventImage": "",
    "eventItems": []
  },
  {
    "eventDescription": "Events to honor students who have excelled in their higher education began.",
    "eventDate": "9 March 1963",
    "eventTime": "",
    "eventImage": "",
    "eventItems": []
  },
  {
    "eventDescription": "The first constitution booklet of the Shree Cutchi Leva Patel Samaj Nairobi was issued.",
    "eventDate": "15 November 1963",
    "eventTime": "",
    "eventImage": "",
    "eventItems": []
  },
  {
    "eventDescription": "A special discussion was held by the Nairobi Samaj regarding the establishment of Shree Cutchi Leva Patel Samaj in Bhuj, Kutch.",
    "eventDate": "3 July 1965",
    "eventTime": "",
    "eventImage": "",
    "eventItems": []
  },
  {
    "eventDescription": "The constitution of SCLP Samaj - Bhuj was approved.",
    "eventDate": "25 November 1966",
    "eventTime": "",
    "eventImage": "",
    "eventItems": []
  },
  {
    "eventDescription": "Election by voting in Nairobi Samaj was held for the first time for the post of Vice-Chairman.",
    "eventDate": "21 April 1968",
    "eventTime": "",
    "eventImage": "",
    "eventItems": []
  },
  {
    "eventDescription": "The 15th anniversary of Nairobi Samaj was celebrated, and a souvenir released.",
    "eventDate": "26 December 1968",
    "eventTime": "",
    "eventImage": "",
    "eventItems": []
  },
  {
    "eventDescription": "Additional funds raised for Mombasa Samaj.",
    "eventDate": "26 December 1968",
    "eventTime": "",
    "eventImage": "",
    "eventItems": []
  },
  {
    "eventDescription": "Fundraising by bidding was held at Nairobi Samaj for inauguration ceremony of the Bhuj Samaj.",
    "eventDate": "24 May 1970",
    "eventTime": "",
    "eventImage": "",
    "eventItems": [
      {"item": "Inauguration of main building by Mr. Mavjibhai Ruda Varsani"},
      {"item": "Inauguration of the upper floor by Mr. Devshibhai Dhanji Vekaria"},
      {"item": "Inauguration of the meeting room by Mr. Veljibhai Karsan"},
      {"item": "Foundation stone laying of Kanya High School by Mr. Harjibhai Ladha"}
    ]
  },
  {
    "eventDescription": "Approval was given to place the portrait of Mr. Devshibhai Dhanji Vekaria in the Samaj Main Hall.",
    "eventDate": "27 June 1976",
    "eventTime": "",
    "eventImage": "",
    "eventItems": []
  },
  {
    "eventDescription": "Mahila Mandal Nairobi was Formed.",
    "eventDate": "28 September 1976",
    "eventTime": "",
    "eventImage": "",
    "eventItems": []
  },
  {
    "eventDescription": "The first Diwali Samelan was held at Nairobi Samaj.",
    "eventDate": "23 October 1978",
    "eventTime": "",
    "eventImage": "",
    "eventItems": []
  },
  {
    "eventDescription": "The 25th anniversary of Nairobi Samaj was celebrated, and a souvenir released.",
    "eventDate": "31 December 1979",
    "eventTime": "",
    "eventImage": "",
    "eventItems": []
  },
  {
    "eventDescription": "On the visit to Kenya by The Prime Minister of India, Mrs. Indira Gandhi, she applauded the service of our civilian community ladies during the war with Pakistan was applauded during a courtesy visit to her by a delegation of Nairobi Samaj leaders and elders.",
    "eventDate": "9 August 1981",
    "eventTime": "",
    "eventImage": "",
    "eventItems": []
  },
  {
    "eventDescription": "The Shree Cutchi Leva Patel Samaj \"World Conference\" was held at Bhuj Samaj.",
    "eventDate": "March 1981",
    "eventTime": "",
    "eventImage": "",
    "eventItems": []
  },
  {
    "eventDescription": "Funds were collected to help the affected community members during political tension in Kenya.",
    "eventDate": "12 August 1982",
    "eventTime": "",
    "eventImage": "",
    "eventItems": []
  },
  {
    "eventDescription": "Funds were raised for the Girls Hostel of Pangani Girls Secondary School.",
    "eventDate": "29 May 1986",
    "eventTime": "",
    "eventImage": "",
    "eventItems": []
  },
  {
    "eventDescription": "Approval for the purchase of 6.75 acres of land in Nairobi West for a new Samaj complex.",
    "eventDate": "21 April 1990",
    "eventTime": "",
    "eventImage": "",
    "eventItems": []
  },
  {
    "eventDescription": "Approval for the construction of the Samaj Nairobi West Complex.",
    "eventDate": "21 October 1991",
    "eventTime": "",
    "eventImage": "",
    "eventItems": [
      {"item": "The main foundation stone laying ceremony was done by Mr. Ratnabhai Karsan Raghwani's family."},
      {"item": "The school foundation stone laying ceremony was done by Mr. Ramjibhai Govind Halai & Sons."},
      {"item": "The staff quarters foundation stone laying ceremony of the Samaj was done by Mr. Devshibhai Kunvarji Garara's family."},
      {"item": "The Samaj main hall was to be named 'Shri Devshibhai Dhanji Memorial Hall."},
      {"item": "The kitchen hall was to be named after Mr. Kunvarji Devraj Varsani & Sons."},
      {"item": "The health center was to be named after Mr. Gopal Shivji Jadva Hirani family."}
    ]
  },
  {
    "eventDescription": "An additional seven and a half acres of land adjacent to the Samaj land was acquired.",
    "eventDate": "30 August 1992",
    "eventTime": "",
    "eventImage": "",
    "eventItems": []
  },
  {
    "eventDescription": "Samaj Youth League was formed.",
    "eventDate": "11 November 1992",
    "eventTime": "",
    "eventImage": "",
    "eventItems": []
  },
  {
    "eventDescription": "Religious Havan ceremony for new Samaj complex was held.",
    "eventDate": "27 December 1992",
    "eventTime": "",
    "eventImage": "",
    "eventItems": []
  },
  {
    "eventDescription": "A decision was made regarding renting of the old Samaj Building.",
    "eventDate": "29 January 1993",
    "eventTime": "",
    "eventImage": "",
    "eventItems": []
  },
  {
    "eventDescription": "Inauguration of the new Nairobi West Samaj complex.",
    "eventDate": "9 - 12 April 1993",
    "eventTime": "",
    "eventImage": "",
    "eventItems": []
  },
  {
    "eventDescription": "The Board of Governors (B.O.G) was formed for the management of Samaj School.",
    "eventDate": "29 November 1993",
    "eventTime": "",
    "eventImage": "",
    "eventItems": [
      {"item": "Approval for rules and regulations for the management of Samaj School"}
    ]
  },
  {
    "eventDescription": "Agreed to place the Murtis of The Gods on the stage of Samaj hall.",
    "eventDate": "26 September 1993",
    "eventTime": "",
    "eventImage": "",
    "eventItems": []
  },
  {
    "eventDescription": "Approval of rules and regulations of Samaj Medical Relief Scheme (M.R.S).",
    "eventDate": "29 November 1993",
    "eventTime": "",
    "eventImage": "",
    "eventItems": []
  },
  {
    "eventDescription": "Inauguration of the Samaj School.",
    "eventDate": "January 1994",
    "eventTime": "",
    "eventImage": "",
    "eventItems": []
  },
  {
    "eventDescription": "5 acres of land acquired next to the Samaj Nairobi West complex.",
    "eventDate": "21 January 1994",
    "eventTime": "",
    "eventImage": "",
    "eventItems": []
  },
  {
    "eventDescription": "The Samaj in conjunction with Hindu Council of Kenya, raised funds for drought relief in Kenya.",
    "eventDate": "4 March 1994",
    "eventTime": "",
    "eventImage": "",
    "eventItems": []
  },
  {
    "eventDescription": "A decision was taken regarding the sale of the old Samaj building on Ronald Ngala Street.",
    "eventDate": "17 September 1994",
    "eventTime": "",
    "eventImage": "",
    "eventItems": []
  },
  {
    "eventDescription": "The first Samooh Lagnotsav (mass marriage) was held at Nairobi Samaj with 18 couples.",
    "eventDate": "10 - 11 December 1994",
    "eventTime": "",
    "eventImage": "",
    "eventItems": []
  },
  {
    "eventDescription": "The School at Nairobi West was named Shree L. R. Pindolia Academy.",
    "eventDate": "26 March 1995",
    "eventTime": "",
    "eventImage": "",
    "eventItems": []
  },
  {
    "eventDescription": "Sale of the Samaj Building on Ronald Ngala Street.",
    "eventDate": "15 June 1995",
    "eventTime": "",
    "eventImage": "",
    "eventItems": []
  },
  {
    "eventDescription": "It was decided that proceeds from the sale of the samaj building on Ronald Ngala Street would be used to build housing for the Community members.",
    "eventDate": "25 June 1995",
    "eventTime": "",
    "eventImage": "",
    "eventItems": []
  },
  {
    "eventDescription": "The Medical Relief Scheme (MRS) was started.",
    "eventDate": "1995",
    "eventTime": "",
    "eventImage": "",
    "eventItems": []
  },
  {
    "eventDescription": "A tree planting program was held in the Samaj compound.",
    "eventDate": "3 March 1996",
    "eventTime": "",
    "eventImage": "",
    "eventItems": []
  },
  {
    "eventDescription": "The Shree Cutchi Leva Patel Charitable Trust was formed, and trustees appointed.",
    "eventDate": "23 June 1996",
    "eventTime": "",
    "eventImage": "",
    "eventItems": []
  },
  {
    "eventDescription": "Warren Enterprises Ltd. and H. Young (EA) donated a tower water tank to Samaj.",
    "eventDate": "25 June 1996",
    "eventTime": "",
    "eventImage": "",
    "eventItems": []
  },
  {
    "eventDescription": "A decision was made to transfer the medical and bursary funds to Samaj Charitable Trust.",
    "eventDate": "25 August 1996",
    "eventTime": "",
    "eventImage": "",
    "eventItems": []
  },
  {
    "eventDescription": "Foundation stone laying of Samaj Flat Phase-I was held.",
    "eventDate": "24 November 1996",
    "eventTime": "",
    "eventImage": "",
    "eventItems": [
      {"item": "Mr. Shantilal Velji Bhanderi for Block No. A"},
      {"item": "Mr. Laljibhai Ratna Raghwani for Block No. B"},
      {"item": "Laxmanbhai Construction Co. for Block No. C"}
    ]
  },
  {
    "eventDescription": "The construction of the canteen and library was completed.",
    "eventDate": "7 September 1997",
    "eventTime": "",
    "eventImage": "",
    "eventItems": []
  },
  {
    "eventDescription": "The work on the Samaj cricket ground was completed, and the Samaj Team was named the Shree Cutchi Leva Patel Samaj Cricket Team.",
    "eventDate": "1997",
    "eventTime": "",
    "eventImage": "",
    "eventItems": []
  },
  {
    "eventDescription": "It was decided that the Shree Cutchi Leva Patel Charitable Trust will undertake the management of the Samaj School.",
    "eventDate": "7 September 1997",
    "eventTime": "",
    "eventImage": "",
    "eventItems": []
  },
  {
    "eventDescription": "The average price of Phase I flats in Nairobi West was set at 1,025,000/- for a two-bedroom and 1,225,000/- for a three-bedroom.",
    "eventDate": "8 March 1998",
    "eventTime": "",
    "eventImage": "",
    "eventItems": []
  },
  {
    "eventDescription": "The inauguration of Samaj Flats Phase I.",
    "eventDate": "14 February 1999",
    "eventTime": "",
    "eventImage": "",
    "eventItems": []
  },
  {
    "eventDescription": "Foundation stone laying ceremony of Samaj Flats Phase-II was performed by respective donors.",
    "eventDate": "14 February 1999",
    "eventTime": "",
    "eventImage": "",
    "eventItems": [
      {"item": "Mr. Kalyanbhai Naran Kerai for Block No-D in memory of his mother Late Lalbai Naran Kerai."},
      {"item": "Mr. Karsanbhai Lalji Vekaria and Mrs. Kesarben Karsan Vekaria for Block No-E."},
      {"item": "Mr. Ramjibhai Keshra Varsani for Block No-F."}
    ]
  },
  {
    "eventDescription": "Inauguration of the swimming pool, donated by the Laxmanbhai Group and named 'Raghwani Pool'.",
    "eventDate": "14 February 1999",
    "eventTime": "",
    "eventImage": "",
    "eventItems": []
  },
  {
    "eventDescription": "The construction of Samaj Flats Phase-II was completed.",
    "eventDate": "30 April 2000",
    "eventTime": "",
    "eventImage": "",
    "eventItems": []
  },
  {
    "eventDescription": "Foundation stone laying of Samaj Medical Clinic building.",
    "eventDate": "11 September 2000",
    "eventTime": "",
    "eventImage": "",
    "eventItems": []
  },
  {
    "eventDescription": "Approval for the construction of the volleyball ground.",
    "eventDate": "12 January 2001",
    "eventTime": "",
    "eventImage": "",
    "eventItems": []
  },
  {
    "eventDescription": "Foundation stone laying ceremony of the Samaj Nursery School was done by donors Mr. Karsanbhai Lalji Vekaria and Mrs. Kesarbai Karsan Vekaria.",
    "eventDate": "1 February 2001",
    "eventTime": "",
    "eventImage": "",
    "eventItems": []
  },
  {
    "eventDescription": "Approved the Samaj Charitable Trust to send Kenya Shillings 1 Crore to Bhuj Samaj for Kutch earthquake relief.",
    "eventDate": "2 February 2001",
    "eventTime": "",
    "eventImage": "",
    "eventItems": []
  },
  {
    "eventDescription": "Approval was granted for placing 40 billboards for advertisement on the Samaj cricket ground.",
    "eventDate": "13 July 2001",
    "eventTime": "",
    "eventImage": "",
    "eventItems": []
  },
  {
    "eventDescription": "The Samaj Clinic building was inaugurated, in honor of Mr. Kurjibhai Vishram Vekaria.",
    "eventDate": "12 December 2001",
    "eventTime": "",
    "eventImage": "",
    "eventItems": []
  },
  {
    "eventDescription": "The construction of Samaj Secondary School building was completed and named R. R. Varsani Secondary Section.",
    "eventDate": "19 February 2002",
    "eventTime": "",
    "eventImage": "",
    "eventItems": []
  },
  {
    "eventDescription": "The work of building gabions on banks on both sides of the river passing through the samaj compound was completed.",
    "eventDate": "8 March 2002",
    "eventTime": "",
    "eventImage": "",
    "eventItems": []
  },
  {
    "eventDescription": "Second round of Kutch Earthquake Relief of Kenya Shillings 80 lakhs was sent to the Bhuj Samaj, bringing the total amount sent to Kenya Shillings 1 crore 80 lakhs.",
    "eventDate": "",
    "eventTime": "",
    "eventImage": "",
    "eventItems": []
  },
  {
    "eventDescription": "The Constitution of the School Board of Governors and Samaj Charitable Trust was amended.",
    "eventDate": "17 January 2003",
    "eventTime": "",
    "eventImage": "",
    "eventItems": []
  },
  {
    "eventDescription": "The Samaj celebrated its 50th anniversary and the 10th anniversary of the new complex in Nairobi West during Easter holidays and a souvenir published.",
    "eventDate": "18 April 2003",
    "eventTime": "",
    "eventImage": "",
    "eventItems": []
  },
  {
    "eventDescription": "The inauguration of Samaj Nursery School held during the Samaj Golden Jubilee celebration and the Nursery was named Smt. Amarbai Devshi Dhanji Nursery School.",
    "eventDate": "18 April 2003",
    "eventTime": "",
    "eventImage": "",
    "eventItems": []
  },
  {
    "eventDescription": "The completion of Samaj volleyball ground with shed.",
    "eventDate": "14 September 2004",
    "eventTime": "",
    "eventImage": "",
    "eventItems": []
  },
  {
    "eventDescription": "First free medical camp held by Samaj.",
    "eventDate": "2005",
    "eventTime": "",
    "eventImage": "",
    "eventItems": []
  },
  {
    "eventDescription": "Approval to purchase a 10-acre plot in Langata.",
    "eventDate": "18 October 2005",
    "eventTime": "",
    "eventImage": "",
    "eventItems": []
  },
  {
    "eventDescription": "Information was received that the Ruparel family will donate the land with a tennis court to Samaj.",
    "eventDate": "10 January 2006",
    "eventTime": "",
    "eventImage": "",
    "eventItems": []
  },
  {
    "eventDescription": "The Samaj Charitable Trust organized three camps for drought relief during which food packets were distributed in affected areas of Kenya.",
    "eventDate": "26 February - 4 March 2006",
    "eventTime": "",
    "eventImage": "",
    "eventItems": []
  },
  {
    "eventDescription": "A decision was made regarding the sale of the Samaj flats Phase-III.",
    "eventDate": "17 March 2007",
    "eventTime": "",
    "eventImage": "",
    "eventItems": []
  },
  {
    "eventDescription": "Inaugural Samaj's Six – A-Side Cricket tournament.",
    "eventDate": "1 June 2007",
    "eventTime": "",
    "eventImage": "",
    "eventItems": []
  },
  {
    "eventDescription": "In the post-election riots, the community members from Kisumu who came to Nairobi were provided with full assistance by Nairobi Samaj.",
    "eventDate": "2007",
    "eventTime": "",
    "eventImage": "",
    "eventItems": []
  },
  {
    "eventDescription": "Decision given to obtain the public utility land in Langata to construct Langata Samaj School Campus.",
    "eventDate": "16 July 2009",
    "eventTime": "",
    "eventImage": "",
    "eventItems": []
  },
  {
    "eventDescription": "The foundation stone laying Samaj cricket ground pavilion was conducted by Mr. Ravjibhai Govind Varsani and Shri Abjibapa's Chhatri and Hanumanji Mandir Trust, and the pavilion was named KAY Pavilion.",
    "eventDate": "15 August 2010",
    "eventTime": "",
    "eventImage": "",
    "eventItems": []
  },
  {
    "eventDescription": "The public utility plot in Langata was officially registered in the name of the Samaj.",
    "eventDate": "29 May 2011",
    "eventTime": "",
    "eventImage": "",
    "eventItems": []
  },
  {
    "eventDescription": "A decision was made to build residences on 10 acres of the Samaj plot in Langata.",
    "eventDate": "29 May 2011",
    "eventTime": "",
    "eventImage": "",
    "eventItems": []
  },
  {
    "eventDescription": "The average price for flats to be built on the Samaj plot in Langata was set at 6,500,000/- for a three-bedroom flat and 5,200,000/- for a two-bedroom flat.",
    "eventDate": "11 September 2011",
    "eventTime": "",
    "eventImage": "",
    "eventItems": []
  },
  {
    "eventDescription": "The residential project in Langata commenced, comprising of 356 flats, with 256 flats to be sold and 100 flats to be rented.",
    "eventDate": "3 January 2012",
    "eventTime": "",
    "eventImage": "",
    "eventItems": []
  },
  {
    "eventDescription": "Samaj Karibu Rapid Response (KRR) was formed.",
    "eventDate": "03 February 2013",
    "eventTime": "",
    "eventImage": "",
    "eventItems": []
  },
  {
    "eventDescription": "Approval for construction of a school in Langata.",
    "eventDate": "09 June 2013",
    "eventTime": "",
    "eventImage": "",
    "eventItems": []
  },
  {
    "eventDescription": "Langata Samaj housing project completed.",
    "eventDate": "August 2013",
    "eventTime": "",
    "eventImage": "",
    "eventItems": []
  },
  {
    "eventDescription": "A proposal made for the construction of a hospital by Samaj.",
    "eventDate": "13 July 2014",
    "eventTime": "",
    "eventImage": "",
    "eventItems": []
  },
  {
    "eventDescription": "The Samaj Cutchi Economic Council (CEC) was formed.",
    "eventDate": "09 September 2014",
    "eventTime": "",
    "eventImage": "",
    "eventItems": []
  },
  {
    "eventDescription": "The initiation of organizing a liaison meeting with 24 village elders, their committee members, Donors to Samaj, the Samaj Managing Committee, Samaj Charitable Trust Trustees, Samaj Trustees and Samaj Sub Committees.",
    "eventDate": "2015",
    "eventTime": "",
    "eventImage": "",
    "eventItems": []
  },
  {
    "eventDescription": "Construction of Langata Samaj School began.",
    "eventDate": "July 2015",
    "eventTime": "",
    "eventImage": "",
    "eventItems": []
  },
  {
    "eventDescription": "A decision was made regarding the purchase of land for building a hospital.",
    "eventDate": "20 October 2015",
    "eventTime": "",
    "eventImage": "",
    "eventItems": []
  },
  {
    "eventDescription": "The Langata School was named Mama R. D. Varsani, and the auditorium named in honor of Mr. Meghjibhai Ratna Pindoria.",
    "eventDate": "08 November 2015",
    "eventTime": "",
    "eventImage": "",
    "eventItems": []
  },
  {
    "eventDescription": "An outdoor open gym was started at the Samaj Nairobi West complex.",
    "eventDate": "April 2016",
    "eventTime": "",
    "eventImage": "",
    "eventItems": []
  },
  {
    "eventDescription": "Samaj partook in welcoming The Prime Minister of India, Hon. Narendrabhai Modi to Kenya at Kasarani Stadium.",
    "eventDate": "2016",
    "eventTime": "",
    "eventImage": "",
    "eventItems": []
  },
  {
    "eventDescription": "A decision was made to place the portrait of Mr. Ramji Ratna Varsani in the main hall of the Samaj in Nairobi West.",
    "eventDate": "19 September 2017",
    "eventTime": "",
    "eventImage": "",
    "eventItems": []
  },
  {
    "eventDescription": "The 25th anniversary of the Nairobi West Samaj complex was celebrated as 'T25'. Public benefiting projects were organized, and the Prime Minister of India, Hon. Narendrabhai Modi addressed the community via video conference. A commemorative souvenir and documentary was released.",
    "eventDate": "30 March 2018",
    "eventTime": "",
    "eventImage": "",
    "eventItems": []
  },
  {
    "eventDescription": "The Samaj was honored with the 'Hindu Ratna Award' by the Hindu Council of Kenya for outstanding educational work by the Samaj School.",
    "eventDate": "11 December 2018",
    "eventTime": "",
    "eventImage": "",
    "eventItems": []
  },
  {
    "eventDescription": "A new survey report of the Nairobi Samaj premises was received.",
    "eventDate": "12 March 2019",
    "eventTime": "",
    "eventImage": "",
    "eventItems": []
  },
  {
    "eventDescription": "Higher Education Loan program (HELC) was restarted.",
    "eventDate": "14 April 2019",
    "eventTime": "",
    "eventImage": "",
    "eventItems": []
  },
  {
    "eventDescription": "Accommodation facility for students from outside Nairobi coming for higher studies was started.",
    "eventDate": "June 2019",
    "eventTime": "",
    "eventImage": "",
    "eventItems": []
  },
  {
    "eventDescription": "During the 25th Samooh Lagnotsav (mass marriage) a fundraising event under the Samaj Charitable Trust was held to support the provision of borewells and latrines in needy areas of Kenya.",
    "eventDate": "03 May 2019",
    "eventTime": "",
    "eventImage": "",
    "eventItems": []
  },
  {
    "eventDescription": "Due to COVID-19, many activities and Samaj school was closed, an online education system was set up for remote / home studies for students. Four Covid 19 vaccination camps were held. 25,000 food bags were distributed to needy areas through the Nairobi Samaj and three Nairobi Temples (East Africa Satang Swaminarayan Temple, Shree Kutch Satsang Swaminarayan Temple and Shree Swaminarayan Siddhant Sajivan Temple).",
    "eventDate": "March 2020",
    "eventTime": "",
    "eventImage": "",
    "eventItems": []
  },
  {
    "eventDescription": "Construction of the Langata Samaj School Auditorium was commenced.",
    "eventDate": "December 2020",
    "eventTime": "",
    "eventImage": "",
    "eventItems": []
  },
  {
    "eventDescription": "Approval was given to purchase a 5-acre plot in Langata for the Samaj Hospital and elders of the Nairobi Samaj pledged to assist in purchasing of this property.",
    "eventDate": "13 January 2021",
    "eventTime": "",
    "eventImage": "",
    "eventItems": []
  },
  {
    "eventDescription": "The installation of flood light towers to facilitate day-night cricket at the Samaj cricket ground was completed.",
    "eventDate": "June 2022",
    "eventTime": "",
    "eventImage": "",
    "eventItems": []
  },
  {
    "eventDescription": "From funds raised during the 25th mass marriage ceremony, seven boreholes with pumps for water facility were installed in needy areas of the country.",
    "eventDate": "2022",
    "eventTime": "",
    "eventImage": "",
    "eventItems": []
  },
  {
    "eventDescription": "Approval granted for the construction of a parking silo in the multipurpose ground.",
    "eventDate": "27 November 2022",
    "eventTime": "",
    "eventImage": "",
    "eventItems": []
  },
  {
    "eventDescription": "Approval for construction of staff quarters for Samaj staff on Samaj Nairobi West premises.",
    "eventDate": "27 November 2022",
    "eventTime": "",
    "eventImage": "",
    "eventItems": []
  },
  {
    "eventDescription": "The work on the Langata Samaj School Auditorium was completed.",
    "eventDate": "2022",
    "eventTime": "",
    "eventImage": "",
    "eventItems": []
  },
  {
    "eventDescription": "Approval given for acquiring land for the Samaj Hospital with Tranquility Company.",
    "eventDate": "27 November 2022",
    "eventTime": "",
    "eventImage": "",
    "eventItems": []
  },
  {
    "eventDescription": "Decision made by managing committee for scanning of old documents of the Samaj to create a comprehensive archive catalogue.",
    "eventDate": "10 January 2023",
    "eventTime": "",
    "eventImage": "",
    "eventItems": []
  },
  {
    "eventDescription": "Construction of an administration block for the Samaj and School commenced.",
    "eventDate": "12 September 2023",
    "eventTime": "",
    "eventImage": "",
    "eventItems": []
  },
  {
    "eventDescription": "Construction of the Samaj staff quarters was completed.",
    "eventDate": "October 2023",
    "eventTime": "",
    "eventImage": "",
    "eventItems": []
  },
  {
    "eventDescription": "Commencement of construction for new parking block in Samaj.",
    "eventDate": "July 2024",
    "eventTime": "",
    "eventImage": "",
    "eventItems": []
  }
]
